{
  "copy_task": {
    "standard": {
      "train_losses": [
        4.61494417488575,
        4.405530333518982,
        4.293081894516945,
        4.192272573709488,
        4.103785872459412,
        4.020895764231682,
        3.945719100534916,
        3.859114997088909,
        3.7728223875164986,
        3.6993152871727943,
        3.5891919806599617,
        3.4885601475834846,
        3.383379839360714,
        3.277240961790085,
        3.1532053723931313,
        3.035856507718563,
        2.872949130833149,
        2.7644907534122467,
        2.6223552152514458,
        2.4876402094960213
      ],
      "val_losses": [
        4.4646060807364325,
        4.3196219716753275,
        4.210419722965786,
        4.110653877258301,
        4.01719239779881,
        3.923915215900966,
        3.821162666593279,
        3.7179898534502303,
        3.603130953652518,
        3.475024495806013,
        3.3372680800301686,
        3.224050828388759,
        3.0320591245378767,
        2.8729033129555837,
        2.680182559149606,
        2.429132870265416,
        2.2391172477177212,
        2.047880155699594,
        1.8645047971180506,
        1.6656572137560164
      ],
      "accuracy_history": [
        0.08503401360544217,
        0.08673469387755102,
        0.09948979591836735,
        0.1130952380952381,
        0.12159863945578231,
        0.13350340136054423,
        0.15773809523809523,
        0.17091836734693877,
        0.19982993197278912,
        0.2100340136054422,
        0.2389455782312925,
        0.2814625850340136,
        0.32908163265306123,
        0.35331632653061223,
        0.44387755102040816,
        0.5017006802721088,
        0.5497448979591837,
        0.5973639455782312,
        0.6496598639455783,
        0.6964285714285714
      ],
      "gate_stats_history": []
    },
    "gated": {
      "train_losses": [
        4.590617150068283,
        4.471650868654251,
        4.395736843347549,
        4.299538031220436,
        4.170655980706215,
        4.035749830305576,
        3.9173249527812004,
        3.7829167768359184,
        3.6337752416729927,
        3.4584694281220436,
        3.3252978920936584,
        3.1667241975665092,
        2.980291150510311,
        2.8362937420606613,
        2.644869990646839,
        2.4707267358899117,
        2.2946754097938538,
        2.0956842340528965,
        1.914375975728035,
        1.6951789893209934
      ],
      "val_losses": [
        4.4904672758919855,
        4.431105204990932,
        4.335690021514893,
        4.206925664629255,
        4.053396054676601,
        3.9120278358459473,
        3.748612540108817,
        3.5781186648777554,
        3.3262241908482144,
        3.106687000819615,
        2.8456638199942454,
        2.5853792258671353,
        2.3791728360312328,
        2.1147535187857494,
        1.9170546531677246,
        1.6360365492956979,
        1.4237147739955358,
        1.1754706587110246,
        0.904190216745649,
        0.6636515515191215
      ],
      "accuracy_history": [
        0.08503401360544217,
        0.08503401360544217,
        0.08758503401360544,
        0.09608843537414966,
        0.11862244897959184,
        0.15008503401360543,
        0.18622448979591838,
        0.22406462585034015,
        0.2848639455782313,
        0.3596938775510204,
        0.4111394557823129,
        0.49107142857142855,
        0.5561224489795918,
        0.6322278911564626,
        0.6560374149659864,
        0.733843537414966,
        0.7755102040816326,
        0.8316326530612245,
        0.8958333333333334,
        0.9417517006802721
      ],
      "gate_stats_history": [
        {
          "gate_mean": 0.4969577840529383,
          "gate_std": 0.20814374097002047
        },
        {
          "gate_mean": 0.5042401868849992,
          "gate_std": 0.21097982496333614
        },
        {
          "gate_mean": 0.517656258928279,
          "gate_std": 0.21158458734862504
        },
        {
          "gate_mean": 0.5393149332764249,
          "gate_std": 0.21335375526299077
        },
        {
          "gate_mean": 0.5573918890828888,
          "gate_std": 0.21636684945163628
        },
        {
          "gate_mean": 0.5650648709076148,
          "gate_std": 0.21856388387580714
        },
        {
          "gate_mean": 0.5672020688652991,
          "gate_std": 0.21941728222494325
        },
        {
          "gate_mean": 0.5648612311730782,
          "gate_std": 0.2209199951806416
        },
        {
          "gate_mean": 0.5614034639050564,
          "gate_std": 0.22214426348606742
        },
        {
          "gate_mean": 0.5574168069288135,
          "gate_std": 0.22402350200961038
        },
        {
          "gate_mean": 0.5552759957499803,
          "gate_std": 0.2237756253841023
        },
        {
          "gate_mean": 0.5508380184570948,
          "gate_std": 0.2244486996593575
        },
        {
          "gate_mean": 0.5480520377556483,
          "gate_std": 0.22396912697392204
        },
        {
          "gate_mean": 0.5447757410195968,
          "gate_std": 0.22404168825596568
        },
        {
          "gate_mean": 0.5428975969552994,
          "gate_std": 0.22306032183890542
        },
        {
          "gate_mean": 0.5388465562524896,
          "gate_std": 0.22292995701233548
        },
        {
          "gate_mean": 0.5357380388304592,
          "gate_std": 0.22247748208853108
        },
        {
          "gate_mean": 0.533109932827453,
          "gate_std": 0.2226359056464086
        },
        {
          "gate_mean": 0.5327778118662535,
          "gate_std": 0.22068463708274072
        },
        {
          "gate_mean": 0.5305774045797685,
          "gate_std": 0.21961595490574837
        }
      ]
    }
  },
  "associative_recall": {
    "standard": {
      "train_losses": [
        3.4448921158909798,
        2.8786327987909317,
        2.4588771164417267,
        2.3367029950022697,
        2.29823300242424,
        2.244104392826557,
        2.2076312825083733,
        2.1378702893853188,
        2.1036713421344757,
        2.0742692537605762,
        2.03065986931324,
        2.0035464093089104,
        1.9758254401385784,
        1.9355375953018665,
        1.8907249420881271,
        1.8757292404770851,
        1.8505477383732796,
        1.8077762462198734,
        1.7806332185864449,
        1.7369480282068253,
        1.7240217439830303,
        1.7154652699828148,
        1.6672365367412567,
        1.637438826262951,
        1.5929773040115833,
        1.5811625123023987,
        1.5650630258023739,
        1.5555036589503288,
        1.5177621468901634,
        1.4862229153513908
      ],
      "val_losses": [
        3.063072545187814,
        2.5854666573660716,
        2.3974635941641673,
        2.3063580989837646,
        2.3037557942526683,
        2.267979758126395,
        2.2661005428859164,
        2.238095283508301,
        2.2454462391989574,
        2.2363193375723704,
        2.2291601725987027,
        2.223686082022531,
        2.2327724524906705,
        2.231818744114467,
        2.2322940826416016,
        2.234825781413487,
        2.2266764981406078,
        2.2390694618225098,
        2.2597956316811696,
        2.2508977140699113,
        2.25002612386431,
        2.2701074395860945,
        2.2748119149889265,
        2.262808016368321,
        2.272547858101981,
        2.2951959541865756,
        2.2924153123583113,
        2.270129067557199,
        2.299534695489066,
        2.326960189001901
      ],