{
  "copy_task": {
    "standard": {
      "train_losses": [
        4.556367874145508,
        4.401930451393127,
        4.303873881697655,
        4.210541322827339,
        4.123923599720001,
        4.058423839509487,
        3.9905908331274986,
        3.9124030992388725,
        3.8273090422153473,
        3.7236674204468727,
        3.6193539649248123,
        3.499331220984459,
        3.359882913529873,
        3.2321508452296257,
        3.0918733924627304,
        2.9400565922260284,
        2.8227870985865593,
        2.6842406764626503,
        2.5331519097089767,
        2.4336714670062065
      ],
      "val_losses": [
        4.436579431806292,
        4.329460348401751,
        4.224010195050921,
        4.141852106366839,
        4.05368777683803,
        3.9875985894884383,
        3.8945774350847517,
        3.801133292061942,
        3.673536879675729,
        3.525642156600952,
        3.3783879620688304,
        3.1630156380789622,
        2.9775915486471995,
        2.715160403932844,
        2.4749971457890103,
        2.3101076057979038,
        2.0544670820236206,
        1.8829841443470545,
        1.6909427983420235,
        1.5291480336870467
      ],
      "accuracy_history": [
        0.08539709649871904,
        0.0892399658411614,
        0.09692570452604611,
        0.1161400512382579,
        0.11955593509820667,
        0.1353543979504697,
        0.1426131511528608,
        0.1609735269000854,
        0.1870196413321947,
        0.21050384286934246,
        0.25320239111870196,
        0.30145175064047824,
        0.35397096498719044,
        0.44278394534585824,
        0.48761742100768574,
        0.5286080273270709,
        0.5892399658411615,
        0.6520068317677199,
        0.6981212638770282,
        0.7331340734415029
      ],
      "gate_stats_history": []
    },
    "gated": {
      "train_losses": [
        4.591041520237923,
        4.453918933868408,
        4.363162070512772,
        4.279603332281113,
        4.187970817089081,
        4.092332899570465,
        4.004785679280758,
        3.8767495527863503,
        3.7493183836340904,
        3.60273876786232,
        3.427969269454479,
        3.2584012299776077,
        3.071339637041092,
        2.856219545006752,
        2.6911812126636505,
        2.4930160492658615,
        2.3131468296051025,
        2.145296972244978,
        1.947129312902689,
        1.7911847047507763
      ],
      "val_losses": [
        4.485067640032087,
        4.416307721819196,
        4.314892836979458,
        4.206593445369175,
        4.098780836377825,
        3.9955179691314697,
        3.858337879180908,
        3.7259436334882463,
        3.5169780254364014,
        3.2960844380514964,
        3.0353184086935863,
        2.719766139984131,
        2.4326442650386264,
        2.12342437676021,
        1.8989026376179285,
        1.648775679724557,
        1.3944573743002755,
        1.173725894519261,
        0.9506315588951111,
        0.7729705912726266
      ],
      "accuracy_history": [
        0.08539709649871904,
        0.08539709649871904,
        0.09308283518360376,
        0.10162254483347566,
        0.11870196413321947,
        0.12681468830059778,
        0.14859094790777114,
        0.17933390264731,
        0.22630230572160548,
        0.2698548249359522,
        0.34286934244235695,
        0.42485055508112723,
        0.5226302305721605,
        0.6029035012809565,
        0.6588385994876175,
        0.71733561058924,
        0.7954739538855679,
        0.8420153714773698,
        0.8949615713065756,
        0.9308283518360376
      ],
      "gate_stats_history": [
        {
          "gate_mean": 0.5068407723059256,
          "gate_std": 0.21371849370189008
        },
        {
          "gate_mean": 0.5118059478700161,
          "gate_std": 0.21613555999162296
        },
        {
          "gate_mean": 0.522229698797067,
          "gate_std": 0.21884318712788323
        },
        {
          "gate_mean": 0.5382894314825535,
          "gate_std": 0.22073105179394287
        },
        {
          "gate_mean": 0.549110820516944,
          "gate_std": 0.22264470990436772
        },
        {
          "gate_mean": 0.5542872746785482,
          "gate_std": 0.22422995449354247
        },
        {
          "gate_mean": 0.5577452403182784,
          "gate_std": 0.22435471741482618
        },
        {
          "gate_mean": 0.5586385761077206,
          "gate_std": 0.22451864167427021
        },
        {
          "gate_mean": 0.5575998304411768,
          "gate_std": 0.2256149080737184
        },
        {
          "gate_mean": 0.5556022209736208,
          "gate_std": 0.2264970770726601
        },
        {
          "gate_mean": 0.5532116079702972,
          "gate_std": 0.2273775221935163
        },
        {
          "gate_mean": 0.5490872721808653,
          "gate_std": 0.22818976865770918
        },
        {
          "gate_mean": 0.546711749241998,
          "gate_std": 0.2287436206825078
        },
        {
          "gate_mean": 0.5409575132653118,
          "gate_std": 0.23064955820639926
        },
        {
          "gate_mean": 0.537970767977337,
          "gate_std": 0.23025090200826526
        },
        {
          "gate_mean": 0.5368967104392748,
          "gate_std": 0.23083216355492672
        },
        {
          "gate_mean": 0.5329040273403127,
          "gate_std": 0.23258158626655742
        },
        {
          "gate_mean": 0.5284683077285687,
          "gate_std": 0.23372194380499423
        },
        {
          "gate_mean": 0.5278966810243825,
          "gate_std": 0.23319008030618238
        },
        {
          "gate_mean": 0.5270841155822079,
          "gate_std": 0.23294989531859753
        }
      ]
    }
  },
  "associative_recall": {
    "standard": {
      "train_losses": [
        3.2584192603826523,
        2.857019029557705,
        2.4333145394921303,
        2.2584825977683067,
        2.1515951827168465,
        2.0631934329867363,
        1.9623438194394112,
        1.9262941852211952,
        1.8555816672742367,
        1.784173421561718,
        1.7478454299271107,
        1.6877734661102295,
        1.6594891287386417,
        1.5969815105199814,
        1.5804733633995056,
        1.5386974960565567,
        1.4987523034214973,
        1.452336173504591,
        1.4118601456284523,
        1.3685750663280487,
        1.3338381573557854,
        1.3322954289615154,
        1.2617137096822262,
        1.2604919597506523,
        1.1992688439786434,
        1.1710584349930286,
        1.1605880297720432,
        1.1247448902577162,
        1.1139324270188808,
        1.0845866166055202
      ],
      "val_losses": [
        3.0153318473270962,
        2.5039018222263882,
        2.316190106528146,
        2.1806470326014926,
        2.107848746435983,
        2.040635790143694,
        1.990448338644845,
        1.9826545204435075,
        1.9437462942940849,
        1.8961225066866194,
        1.865201132638114,
        1.8528495516095842,
        1.8359488589423043,
        1.823396955217634,
        1.8171676567622594,
        1.7816325255802699,
        1.7766874177115304,
        1.7711806978498186,
        1.7784201077052526,
        1.7787507942744665,
        1.7756898232868739,
        1.7633506059646606,
        1.7767245258603777,
        1.7884460857936315,
        1.787975243159703,
        1.8020191873822893,
        1.8031329938343592,
        1.8228248698370797,
        1.7858809573309762,
        1.8130453824996948
      ],